cluster,customers,recency_median_days,frequency_median_orders,monetary_median_gbp,revenue,customer_pct,revenue_pct,segment_name
2,477,15.0,17.0,6847.27,6883768.255,9.605316149818767,55.833212502957686,Champions
0,920,66.0,7.0,2547.3,3014533.774,18.525976641159886,24.450431590115322,Loyal High-Value
1,1390,207.0,3.0,864.49,1513531.404,27.99033427305679,12.276026353451364,At-Risk
3,589,18.0,3.0,717.41,517882.59,11.860652436568667,4.20046806166808,Recent Low-Spend
4,1590,255.0,1.0,233.085,399447.832,32.01772049939589,3.2398614918075475,Hibernating
