cluster,customers,recency_median_days,frequency_median_orders,monetary_median_gbp,revenue,customer_pct,revenue_pct
0,720,8.0,10.0,3717.0950000000003,5777995.32,16.59751037344398,64.8381869873387
1,1588,179.0,1.0,298.685,553972.421,36.60673121254034,6.216441071576831
2,856,18.0,2.0,459.06000000000006,456083.14,19.732595666205626,5.117969516301473
3,1174,54.0,4.0,1351.815,2123357.023,27.06316274781005,23.827402424783003
