clv_decile,customers,avg_predicted_clv,avg_actual_revenue
0,497,90.08931861466519,66.48698189134808
1,497,130.656100994779,105.48086519114688
2,496,170.2948818131361,166.56500201612903
3,497,208.66589134938147,171.52404426559355
4,496,279.88662511644264,228.77899193548387
5,497,359.91708257484294,319.8696197183099
6,496,475.9342186987065,416.1045766129032
7,497,652.8438762067973,977.4508249496981
8,496,1046.83632284969,1137.1037096774191
9,497,4353.75946567102,5721.866056338028
