k,silhouette,inertia
2,0.45644289521368536,7303.737717275215
3,0.35069166642888033,5493.755092606741
4,0.3732386473097704,4294.521977466122
5,0.3295977912522327,3604.062057647813
6,0.3203901846008679,3155.976132903155
7,0.2917357357929667,2840.0879235289613
