k,silhouette,inertia
2,0.43294018131896617,6481.225323423515
3,0.33650963406696927,4867.846645267559
4,0.3372544953400026,3938.471789587862
5,0.31609724178691406,3295.976328792428
6,0.31332900440932415,2855.0112470014096
7,0.3100731581775175,2548.912115506175
